"","fips","Warm","Cold","ppt","series","SYMBOL","SI_m","SI_ft"
"137",26009,14.8,-12.19,780.550937126804,"DEER PARK","ABBA",13.4503986591922,44.1286045249088
"307",26009,14.8,-12.19,780.550937126804,"KINROSS","ABBA",13.9252678655507,45.6865743620431
"171",26009,14.8,-12.19,780.550937126804,"EAST LAKE","ABBA",14.6113955069851,47.9376493011322
"120",26009,14.8,-12.19,780.550937126804,"DAWSON","ABBA",14.7098520909862,48.2606695898499
"341",26009,14.8,-12.19,780.550937126804,"LUPTON","ABBA",14.9092691490346,48.914925029641
"324",26009,14.8,-12.19,780.550937126804,"LEELANAU","ABBA",14.9126009651712,48.9258561849449
"426",26009,14.8,-12.19,780.550937126804,"OTISCO","ABBA",15.6368567399383,51.3020234249945
"477",26009,14.8,-12.19,780.550937126804,"TAWAS","ABBA",16.0814585206351,52.7606906844984
"69",26009,14.8,-12.19,780.550937126804,"CATHRO","ABBA",16.2788483289809,53.4082950425881
"18",26009,14.8,-12.19,780.550937126804,"ANGELICA","ABBA",16.6149348459583,54.5109410956638
"443",26009,14.8,-12.19,780.550937126804,"RUBICON","ABBA",16.6578948239285,54.6518859052771
"35",26009,14.8,-12.19,780.550937126804,"AU GRES","ABBA",16.9293416090552,55.542459347294
"358",26009,14.8,-12.19,780.550937126804,"MANCELONA","ABBA",17.0562802127447,55.9589245824958
"290",26009,14.8,-12.19,780.550937126804,"KAWKAWLIN","ABBA",17.5167843296037,57.4697648609047
"392",26009,14.8,-12.19,780.550937126804,"MORGANLAKE","ABBA",17.6993492198896,58.0687310363831
"103",26009,14.8,-12.19,780.550937126804,"CROSWELL","ABBA",17.8718132214747,58.6345578132372
"222",26009,14.8,-12.19,780.550937126804,"HALFADAY","ABBA",18.0338977558371,59.166331219938
"273",26009,14.8,-12.19,780.550937126804,"KALKASKA","ABBA",18.1254837335523,59.4668101494498
"1",26009,14.8,-12.19,780.550937126804,"ALLENDALE","ABBA",18.4003863794169,60.3687217172471
"239",26009,14.8,-12.19,780.550937126804,"IOSCO","ABBA",18.4362395677205,60.4863502877969
"205",26009,14.8,-12.19,780.550937126804,"ENSLEY","ABBA",18.4419002652542,60.504922130099
"154",26009,14.8,-12.19,780.550937126804,"DEFORD","ABBA",18.5542578016917,60.8735492181487
"409",26009,14.8,-12.19,780.550937126804,"ONAWAY","ABBA",18.6199533759028,61.0890858789461
"86",26009,14.8,-12.19,780.550937126804,"CHARLEVOIX","ABBA",18.6271964786475,61.1128493393948
"52",26009,14.8,-12.19,780.550937126804,"BLUE LAKE","ABBA",19.3845466320163,63.5975939370614
"188",26009,14.8,-12.19,780.550937126804,"EMMET","ABBA",19.6234054169864,64.3812513680655
"375",26009,14.8,-12.19,780.550937126804,"MENOMINEE","ABBA",19.943778640482,65.4323446210039
"460",26009,14.8,-12.19,780.550937126804,"SPRINGLAKE","ABBA",20.487899075825,67.2175166529692
"256",26009,14.8,-12.19,780.550937126804,"ISLANDLAKE","ABBA",20.7798902140873,68.1754928283705
"138",26009,14.8,-12.19,780.550937126804,"DEER PARK","ACRU",15.3853122057271,50.4767460817819
"308",26009,14.8,-12.19,780.550937126804,"KINROSS","ACRU",15.9284939493938,52.2588384166463
"172",26009,14.8,-12.19,780.550937126804,"EAST LAKE","ACRU",16.7133248115804,54.8337428201455
"121",26009,14.8,-12.19,780.550937126804,"DAWSON","ACRU",16.8259449146679,55.2032313473357
"342",26009,14.8,-12.19,780.550937126804,"LUPTON","ACRU",17.0540492091919,55.9516050170337
"325",26009,14.8,-12.19,780.550937126804,"LEELANAU","ACRU",17.0578603253359,55.9641086789237
"427",26009,14.8,-12.19,780.550937126804,"OTISCO","ACRU",17.8863042617525,58.6821005963008
"478",26009,14.8,-12.19,780.550937126804,"TAWAS","ACRU",18.3948644447302,60.3506051336293
"70",26009,14.8,-12.19,780.550937126804,"CATHRO","ACRU",18.6206498585739,61.0913709270796
"19",26009,14.8,-12.19,780.550937126804,"ANGELICA","ACRU",19.0050842625534,62.3526386566714
"444",26009,14.8,-12.19,780.550937126804,"RUBICON","ACRU",19.0542242687472,62.5138591494331
"36",26009,14.8,-12.19,780.550937126804,"AU GRES","ACRU",19.3647201612657,63.5325464608456
"359",26009,14.8,-12.19,780.550937126804,"MANCELONA","ACRU",19.5099195786367,64.008922502089
"291",26009,14.8,-12.19,780.550937126804,"KAWKAWLIN","ACRU",20.0366697359681,65.7371054329661
"393",26009,14.8,-12.19,780.550937126804,"MORGANLAKE","ACRU",20.245497586058,66.422236174731
"104",26009,14.8,-12.19,780.550937126804,"CROSWELL","ACRU",20.4427714792614,67.0694602337972
"223",26009,14.8,-12.19,780.550937126804,"HALFADAY","ACRU",20.6281727620093,67.6777321588233
"274",26009,14.8,-12.19,780.550937126804,"KALKASKA","ACRU",20.7329338844503,68.0214366287738
"2",26009,14.8,-12.19,780.550937126804,"ALLENDALE","ACRU",21.0473827822097,69.0530931174858
"240",26009,14.8,-12.19,780.550937126804,"IOSCO","ACRU",21.0883936481028,69.187643202437
"206",26009,14.8,-12.19,780.550937126804,"ENSLEY","ACRU",21.0948686679936,69.2088867060159
"155",26009,14.8,-12.19,780.550937126804,"DEFORD","ACRU",21.2233894516937,69.6305428205175
"410",26009,14.8,-12.19,780.550937126804,"ONAWAY","ACRU",21.2985356942239,69.8770856109709
"87",26009,14.8,-12.19,780.550937126804,"CHARLEVOIX","ACRU",21.306820756986,69.9042675754134
"53",26009,14.8,-12.19,780.550937126804,"BLUE LAKE","ACRU",22.1731198797016,72.7464562982337
"189",26009,14.8,-12.19,780.550937126804,"EMMET","ACRU",22.44633980968,73.6428471446193
"376",26009,14.8,-12.19,780.550937126804,"MENOMINEE","ACRU",22.8128004768117,74.8451459212983
"461",26009,14.8,-12.19,780.550937126804,"SPRINGLAKE","ACRU",23.4351956182038,76.8871247316399
"257",26009,14.8,-12.19,780.550937126804,"ISLANDLAKE","ACRU",23.7691912816262,77.9829110289572
"139",26009,14.8,-12.19,780.550937126804,"DEER PARK","ACSA3",14.4593147300332,47.4386966208439
"309",26009,14.8,-12.19,780.550937126804,"KINROSS","ACSA3",15.0770802341702,49.4654863325793
"173",26009,14.8,-12.19,780.550937126804,"EAST LAKE","ACSA3",15.7434739021424,51.6518172642466
"122",26009,14.8,-12.19,780.550937126804,"DAWSON","ACSA3",15.9265382019201,52.25242192231
"326",26009,14.8,-12.19,780.550937126804,"LEELANAU","ACSA3",16.0311970122495,52.5957907226035
"343",26009,14.8,-12.19,780.550937126804,"LUPTON","ACSA3",16.1485799008509,52.9809051865187
"428",26009,14.8,-12.19,780.550937126804,"OTISCO","ACSA3",16.9111971900927,55.4829304136899
"479",26009,14.8,-12.19,780.550937126804,"TAWAS","ACSA3",17.4182057649359,57.1463443731494
"71",26009,14.8,-12.19,780.550937126804,"CATHRO","ACSA3",17.6320033065741,57.8477798772116
"445",26009,14.8,-12.19,780.550937126804,"RUBICON","ACSA3",17.9074055797123,58.7513306421006
"20",26009,14.8,-12.19,780.550937126804,"ANGELICA","ACSA3",17.9825005226301,58.9977051267391
"37",26009,14.8,-12.19,780.550937126804,"AU GRES","ACSA3",18.322679471592,60.1137777939369
"360",26009,14.8,-12.19,780.550937126804,"MANCELONA","ACSA3",18.3356739059305,60.156410452528
"292",26009,14.8,-12.19,780.550937126804,"KAWKAWLIN","ACSA3",18.9443312592133,62.1533177795713
"394",26009,14.8,-12.19,780.550937126804,"MORGANLAKE","ACSA3",19.1130109684148,62.7067288989988
"105",26009,14.8,-12.19,780.550937126804,"CROSWELL","ACSA3",19.2702850658953,63.222720032465
"224",26009,14.8,-12.19,780.550937126804,"HALFADAY","ACSA3",19.4742801742819,63.8919953224471
"275",26009,14.8,-12.19,780.550937126804,"KALKASKA","ACSA3",19.4850785153806,63.9274229507237
"3",26009,14.8,-12.19,780.550937126804,"ALLENDALE","ACSA3",19.8388623579205,65.0881310955397
"241",26009,14.8,-12.19,780.550937126804,"IOSCO","ACSA3",19.9387183728039,65.4157426929261
"207",26009,14.8,-12.19,780.550937126804,"ENSLEY","ACSA3",19.9748557075492,65.534303502458
"411",26009,14.8,-12.19,780.550937126804,"ONAWAY","ACSA3",20.0166383869021,65.6713857837994
"156",26009,14.8,-12.19,780.550937126804,"DEFORD","ACSA3",20.088990553224,65.9087616575592
"88",26009,14.8,-12.19,780.550937126804,"CHARLEVOIX","ACSA3",20.1452374980479,66.0932988781099
"54",26009,14.8,-12.19,780.550937126804,"BLUE LAKE","ACSA3",20.8859412281093,68.5234292260803
"190",26009,14.8,-12.19,780.550937126804,"EMMET","ACSA3",21.1281271599742,69.3180024933536
"377",26009,14.8,-12.19,780.550937126804,"MENOMINEE","ACSA3",21.4881101781554,70.4990491409298
"462",26009,14.8,-12.19,780.550937126804,"SPRINGLAKE","ACSA3",22.0246989253404,72.2595109099094
"258",26009,14.8,-12.19,780.550937126804,"ISLANDLAKE","ACSA3",22.3385923550812,73.2893449969857
"140",26009,14.8,-12.19,780.550937126804,"DEER PARK","BEPA",13.9725239789185,45.8416141040635
"310",26009,14.8,-12.19,780.550937126804,"KINROSS","BEPA",14.5694916417064,47.8001694281706
"174",26009,14.8,-12.19,780.550937126804,"EAST LAKE","BEPA",15.2134503409248,49.912894819307
"123",26009,14.8,-12.19,780.550937126804,"DAWSON","BEPA",15.3903515541624,50.4932793771734
"327",26009,14.8,-12.19,780.550937126804,"LEELANAU","BEPA",15.4914868959291,50.8250882412372
"344",26009,14.8,-12.19,780.550937126804,"LUPTON","BEPA",15.6049179441025,51.1972373494177
"429",26009,14.8,-12.19,780.550937126804,"OTISCO","BEPA",16.3418607771218,53.6150287963315
"480",26009,14.8,-12.19,780.550937126804,"TAWAS","BEPA",16.8318002799117,55.2224418632274
"72",26009,14.8,-12.19,780.550937126804,"CATHRO","BEPA",17.0384000623321,55.9002626716933
"446",26009,14.8,-12.19,780.550937126804,"RUBICON","BEPA",17.3045305766143,56.7733942802306
"21",26009,14.8,-12.19,780.550937126804,"ANGELICA","BEPA",17.3770973552069,57.0114742624897
"38",26009,14.8,-12.19,780.550937126804,"AU GRES","BEPA",17.7058237582376,58.0899729600972
"361",26009,14.8,-12.19,780.550937126804,"MANCELONA","BEPA",17.718380718839,58.1311703373983
"293",26009,14.8,-12.19,780.550937126804,"KAWKAWLIN","BEPA",18.3065468679598,60.06084930433
"395",26009,14.8,-12.19,780.550937126804,"MORGANLAKE","BEPA",18.4695477656911,60.5956291525299
"106",26009,14.8,-12.19,780.550937126804,"CROSWELL","BEPA",18.621527035756,61.0942488049737
"225",26009,14.8,-12.19,780.550937126804,"HALFADAY","BEPA",18.8186543959892,61.7409921128255
"276",26009,14.8,-12.19,780.550937126804,"KALKASKA","BEPA",18.8290891975515,61.7752270260876
"4",26009,14.8,-12.19,780.550937126804,"ALLENDALE","BEPA",19.1709624685562,62.8968584926384
"242",26009,14.8,-12.19,780.550937126804,"IOSCO","BEPA",19.267456706938,63.2134406395603
"208",26009,14.8,-12.19,780.550937126804,"ENSLEY","BEPA",19.3023774335209,63.3280099524963
"412",26009,14.8,-12.19,780.550937126804,"ONAWAY","BEPA",19.3427534471883,63.4604771889379
"157",26009,14.8,-12.19,780.550937126804,"DEFORD","BEPA",19.4126697881585,63.6898615097063
"89",26009,14.8,-12.19,780.550937126804,"CHARLEVOIX","BEPA",19.467023109873,63.8681860560137
"55",26009,14.8,-12.19,780.550937126804,"BLUE LAKE","BEPA",20.1827901308411,66.2165030539407
"191",26009,14.8,-12.19,780.550937126804,"EMMET","BEPA",20.416822573147,66.9843260273852
"378",26009,14.8,-12.19,780.550937126804,"MENOMINEE","BEPA",20.7646863168618,68.1256112757935
"463",26009,14.8,-12.19,780.550937126804,"SPRINGLAKE","BEPA",21.2832101388302,69.826804917422
"259",26009,14.8,-12.19,780.550937126804,"ISLANDLAKE","BEPA",21.5865359572225,70.8219683635909
"141",26009,14.8,-12.19,780.550937126804,"DEER PARK","FAGR",13.8188364278278,45.3373898550781
"311",26009,14.8,-12.19,780.550937126804,"KINROSS","FAGR",14.4092378826555,47.2744025021505
"175",26009,14.8,-12.19,780.550937126804,"EAST LAKE","FAGR",15.0461135068592,49.3638894581995
"124",26009,14.8,-12.19,780.550937126804,"DAWSON","FAGR",15.2210689360504,49.9378902101391
"328",26009,14.8,-12.19,780.550937126804,"LEELANAU","FAGR",15.3210918629786,50.2660494192211
"345",26009,14.8,-12.19,780.550937126804,"LUPTON","FAGR",15.4332752525301,50.6341051592196
"430",26009,14.8,-12.19,780.550937126804,"OTISCO","FAGR",16.1621122530262,53.0253026674087
"481",26009,14.8,-12.19,780.550937126804,"TAWAS","FAGR",16.6466627793878,54.6150353654454
"73",26009,14.8,-12.19,780.550937126804,"CATHRO","FAGR",16.8509901152077,55.2854006404451
"447",26009,14.8,-12.19,780.550937126804,"RUBICON","FAGR",17.1141933883506,56.1489284394704
"22",26009,14.8,-12.19,780.550937126804,"ANGELICA","FAGR",17.1859619854185,56.38438971594
"39",26009,14.8,-12.19,780.550937126804,"AU GRES","FAGR",17.5110726382858,57.4510257161608
"362",26009,14.8,-12.19,780.550937126804,"MANCELONA","FAGR",17.5234914814986,57.4917699524233
"294",26009,14.8,-12.19,780.550937126804,"KAWKAWLIN","FAGR",18.1051882328764,59.4002238611431
"396",26009,14.8,-12.19,780.550937126804,"MORGANLAKE","FAGR",18.2663962398719,59.9291215218894
"107",26009,14.8,-12.19,780.550937126804,"CROSWELL","FAGR",18.4167038490495,60.4222567226033
"226",26009,14.8,-12.19,780.550937126804,"HALFADAY","FAGR",18.6116629524028,61.0618863267807
"277",26009,14.8,-12.19,780.550937126804,"KALKASKA","FAGR",18.6219829787748,61.0957446810196
"5",26009,14.8,-12.19,780.550937126804,"ALLENDALE","FAGR",18.9600958936775,62.2050390212516
"243",26009,14.8,-12.19,780.550937126804,"IOSCO","FAGR",19.0555287659658,62.5181389959509
"209",26009,14.8,-12.19,780.550937126804,"ENSLEY","FAGR",19.0900653900803,62.6314481301846
"413",26009,14.8,-12.19,780.550937126804,"ONAWAY","FAGR",19.1299972971086,62.7624583238472
"158",26009,14.8,-12.19,780.550937126804,"DEFORD","FAGR",19.1991446094308,62.9893195847468
"90",26009,14.8,-12.19,780.550937126804,"CHARLEVOIX","FAGR",19.2529000843339,63.1656826913842
"56",26009,14.8,-12.19,780.550937126804,"BLUE LAKE","FAGR",19.9607941912337,65.4881699187457
"192",26009,14.8,-12.19,780.550937126804,"EMMET","FAGR",20.1922524477312,66.2475474006929
"379",26009,14.8,-12.19,780.550937126804,"MENOMINEE","FAGR",20.5362899445228,67.3762793455471
"464",26009,14.8,-12.19,780.550937126804,"SPRINGLAKE","FAGR",21.0491103834445,69.0587611005395
"260",26009,14.8,-12.19,780.550937126804,"ISLANDLAKE","FAGR",21.3490998395387,70.042978476177
"142",26009,14.8,-12.19,780.550937126804,"DEER PARK","FRNI",14.0088933172343,45.960936080165
"312",26009,14.8,-12.19,780.550937126804,"KINROSS","FRNI",14.4002873054843,47.245037091484
"176",26009,14.8,-12.19,780.550937126804,"EAST LAKE","FRNI",15.1833030127026,49.8139862621475
"125",26009,14.8,-12.19,780.550937126804,"DAWSON","FRNI",15.2116565407965,49.9070096482826
"346",26009,14.8,-12.19,780.550937126804,"LUPTON","FRNI",15.4120212343599,50.5643741284773
"329",26009,14.8,-12.19,780.550937126804,"LEELANAU","FRNI",15.5318099706135,50.9573817933515
"431",26009,14.8,-12.19,780.550937126804,"OTISCO","FRNI",16.1884693230214,53.1117759941648
"482",26009,14.8,-12.19,780.550937126804,"TAWAS","FRNI",16.623737738047,54.5398219752198
"74",26009,14.8,-12.19,780.550937126804,"CATHRO","FRNI",16.8277836833754,55.209264053069
"23",26009,14.8,-12.19,780.550937126804,"ANGELICA","FRNI",17.1881220598138,56.3914765741921
"448",26009,14.8,-12.19,780.550937126804,"RUBICON","FRNI",17.3495728558679,56.9211707869681
"40",26009,14.8,-12.19,780.550937126804,"AU GRES","FRNI",17.5134836750185,57.4589359416616
"363",26009,14.8,-12.19,780.550937126804,"MANCELONA","FRNI",17.7645002161999,58.2824810242779
"295",26009,14.8,-12.19,780.550937126804,"KAWKAWLIN","FRNI",18.1347140588366,59.4970933688863
"397",26009,14.8,-12.19,780.550937126804,"MORGANLAKE","FRNI",18.3512948496209,60.2076602677851
"108",26009,14.8,-12.19,780.550937126804,"CROSWELL","FRNI",18.5580454879803,60.885976010434
"227",26009,14.8,-12.19,780.550937126804,"HALFADAY","FRNI",18.6981662937858,61.3456899402422
"278",26009,14.8,-12.19,780.550937126804,"KALKASKA","FRNI",18.8780997783339,61.9360228947963
"210",26009,14.8,-12.19,780.550937126804,"ENSLEY","FRNI",19.0637754036689,62.5451948939267
"244",26009,14.8,-12.19,780.550937126804,"IOSCO","FRNI",19.0866044012305,62.6200931798899
"6",26009,14.8,-12.19,780.550937126804,"ALLENDALE","FRNI",19.1083097511942,62.6913049579861
"159",26009,14.8,-12.19,780.550937126804,"DEFORD","FRNI",19.1871444709504,62.9499490516746
"91",26009,14.8,-12.19,780.550937126804,"CHARLEVOIX","FRNI",19.2842975914907,63.2686928854683
"414",26009,14.8,-12.19,780.550937126804,"ONAWAY","FRNI",19.3931010540444,63.6256596261301
"57",26009,14.8,-12.19,780.550937126804,"BLUE LAKE","FRNI",20.1437665615956,66.0884729711142
"193",26009,14.8,-12.19,780.550937126804,"EMMET","FRNI",20.4066131187321,66.9508304420343
"380",26009,14.8,-12.19,780.550937126804,"MENOMINEE","FRNI",20.7252655387909,67.9962780144059
"465",26009,14.8,-12.19,780.550937126804,"SPRINGLAKE","FRNI",21.338608595913,70.0085583855413
"261",26009,14.8,-12.19,780.550937126804,"ISLANDLAKE","FRNI",21.6427239466278,71.0063121608525
"143",26009,14.8,-12.19,780.550937126804,"DEER PARK","LALA",14.6137904984917,47.9455068848153
"313",26009,14.8,-12.19,780.550937126804,"KINROSS","LALA",15.0220846882703,49.285054751543
"177",26009,14.8,-12.19,780.550937126804,"EAST LAKE","LALA",15.838910631847,51.9649298945113
"126",26009,14.8,-12.19,780.550937126804,"DAWSON","LALA",15.868488451456,52.0619699850919
"347",26009,14.8,-12.19,780.550937126804,"LUPTON","LALA",16.0775047947689,52.7477191429427
"330",26009,14.8,-12.19,780.550937126804,"LEELANAU","LALA",16.2024659502327,53.157696687115
"432",26009,14.8,-12.19,780.550937126804,"OTISCO","LALA",16.8874795332227,55.4051165788147
"483",26009,14.8,-12.19,780.550937126804,"TAWAS","LALA",17.3415426261273,56.8948248888693
"75",26009,14.8,-12.19,780.550937126804,"CATHRO","LALA",17.5543991758612,57.5931731491511
"24",26009,14.8,-12.19,780.550937126804,"ANGELICA","LALA",17.930296787656,58.8264330303675
"449",26009,14.8,-12.19,780.550937126804,"RUBICON","LALA",18.0987189503437,59.3789991809177
"41",26009,14.8,-12.19,780.550937126804,"AU GRES","LALA",18.2697073587254,59.9399847727211
"364",26009,14.8,-12.19,780.550937126804,"MANCELONA","LALA",18.5315626717335,60.7990901303592
"296",26009,14.8,-12.19,780.550937126804,"KAWKAWLIN","LALA",18.9177621675408,62.0661488436376
"398",26009,14.8,-12.19,780.550937126804,"MORGANLAKE","LALA",19.143694811244,62.8073976746852
"109",26009,14.8,-12.19,780.550937126804,"CROSWELL","LALA",19.3593728413349,63.515002760285
"228",26009,14.8,-12.19,780.550937126804,"HALFADAY","LALA",19.5055439951977,63.9945669133784
"279",26009,14.8,-12.19,780.550937126804,"KALKASKA","LALA",19.6932469198545,64.610390157003
"211",26009,14.8,-12.19,780.550937126804,"ENSLEY","LALA",19.8869399281368,65.2458659059607
"245",26009,14.8,-12.19,780.550937126804,"IOSCO","LALA",19.9107546706793,65.3239982633837
"7",26009,14.8,-12.19,780.550937126804,"ALLENDALE","LALA",19.9333972470687,65.3982849313278
"160",26009,14.8,-12.19,780.550937126804,"DEFORD","LALA",20.0156360115761,65.6680971508403
"92",26009,14.8,-12.19,780.550937126804,"CHARLEVOIX","LALA",20.1169841564795,66.0006041879248
"415",26009,14.8,-12.19,780.550937126804,"ONAWAY","LALA",20.2304856994825,66.3729845783546
"58",26009,14.8,-12.19,780.550937126804,"BLUE LAKE","LALA",21.0135645775478,68.9421410024535
"194",26009,14.8,-12.19,780.550937126804,"EMMET","LALA",21.2877607208303,69.8417346483935
"381",26009,14.8,-12.19,780.550937126804,"MENOMINEE","LALA",21.6201723969795,70.932324137072
"466",26009,14.8,-12.19,780.550937126804,"SPRINGLAKE","LALA",22.2599993081789,73.0314937932377
"262",26009,14.8,-12.19,780.550937126804,"ISLANDLAKE","LALA",22.5772462114196,74.0723300899592
"144",26009,14.8,-12.19,780.550937126804,"DEER PARK","PIBA2",13.752645216515,45.1202270883037
"314",26009,14.8,-12.19,780.550937126804,"KINROSS","PIBA2",14.8672895728807,48.7771967614195
"178",26009,14.8,-12.19,780.550937126804,"EAST LAKE","PIBA2",15.0049121480155,49.2287143963764
"331",26009,14.8,-12.19,780.550937126804,"LEELANAU","PIBA2",15.3546693677808,50.376211836551
"433",26009,14.8,-12.19,780.550937126804,"OTISCO","PIBA2",16.534143704983,54.2458782971885
"127",26009,14.8,-12.19,780.550937126804,"DAWSON","PIBA2",16.7882039718714,55.0794093565334
"450",26009,14.8,-12.19,780.550937126804,"RUBICON","PIBA2",17.1616906131595,56.304759229526
"348",26009,14.8,-12.19,780.550937126804,"LUPTON","PIBA2",17.3855605533095,57.0392406604642
"365",26009,14.8,-12.19,780.550937126804,"MANCELONA","PIBA2",17.4271004357064,57.1755263638662
"484",26009,14.8,-12.19,780.550937126804,"TAWAS","PIBA2",17.825785155942,58.4835470995472
"25",26009,14.8,-12.19,780.550937126804,"ANGELICA","PIBA2",17.883477417776,58.6728261738058
"42",26009,14.8,-12.19,780.550937126804,"AU GRES","PIBA2",17.8965966569457,58.715868297066
"110",26009,14.8,-12.19,780.550937126804,"CROSWELL","PIBA2",18.6421972762623,61.1620645546665
"280",26009,14.8,-12.19,780.550937126804,"KALKASKA","PIBA2",18.6898923684358,61.3185445158656
"76",26009,14.8,-12.19,780.550937126804,"CATHRO","PIBA2",18.6936212483685,61.3307783739123
"229",26009,14.8,-12.19,780.550937126804,"HALFADAY","PIBA2",18.9249873110936,62.0898533828531
"297",26009,14.8,-12.19,780.550937126804,"KAWKAWLIN","PIBA2",18.9558231498596,62.1910208328727
"399",26009,14.8,-12.19,780.550937126804,"MORGANLAKE","PIBA2",18.9897058860628,62.3021846655603
"8",26009,14.8,-12.19,780.550937126804,"ALLENDALE","PIBA2",19.3005229730502,63.3219257646004
"161",26009,14.8,-12.19,780.550937126804,"DEFORD","PIBA2",19.4413745588102,63.7840372664377
"416",26009,14.8,-12.19,780.550937126804,"ONAWAY","PIBA2",19.5614873684408,64.1781081641759
"212",26009,14.8,-12.19,780.550937126804,"ENSLEY","PIBA2",19.7540126174608,64.8097526819581
"246",26009,14.8,-12.19,780.550937126804,"IOSCO","PIBA2",19.7611691278817,64.8332320468559
"93",26009,14.8,-12.19,780.550937126804,"CHARLEVOIX","PIBA2",19.8315406683279,65.0641098042255
"59",26009,14.8,-12.19,780.550937126804,"BLUE LAKE","PIBA2",20.2737003425837,66.5147649034898
"195",26009,14.8,-12.19,780.550937126804,"EMMET","PIBA2",20.5844426341506,67.5342606107304
"467",26009,14.8,-12.19,780.550937126804,"SPRINGLAKE","PIBA2",20.8933087180427,68.5476007809799
"382",26009,14.8,-12.19,780.550937126804,"MENOMINEE","PIBA2",21.0369023630898,69.0187085403209
"263",26009,14.8,-12.19,780.550937126804,"ISLANDLAKE","PIBA2",21.4930190737271,70.5151544413618
"145",26009,14.8,-12.19,780.550937126804,"DEER PARK","PIMA",14.4223074789433,47.3172817550634
"315",26009,14.8,-12.19,780.550937126804,"KINROSS","PIMA",14.825251831229,48.6392776615124
"179",26009,14.8,-12.19,780.550937126804,"EAST LAKE","PIMA",15.6313749870425,51.2840386713992
"128",26009,14.8,-12.19,780.550937126804,"DAWSON","PIMA",15.6605652514712,51.3798072554831
"349",26009,14.8,-12.19,780.550937126804,"LUPTON","PIMA",15.8668428747678,52.056571111443
"332",26009,14.8,-12.19,780.550937126804,"LEELANAU","PIMA",15.9901666768443,52.4611767613
"434",26009,14.8,-12.19,780.550937126804,"OTISCO","PIMA",16.6662045961065,54.6791489373574
"485",26009,14.8,-12.19,780.550937126804,"TAWAS","PIMA",17.1143181462075,56.1493377500245
"77",26009,14.8,-12.19,780.550937126804,"CATHRO","PIMA",17.3243856580885,56.83853562365
"26",26009,14.8,-12.19,780.550937126804,"ANGELICA","PIMA",17.6953579214766,58.0556362253169
"451",26009,14.8,-12.19,780.550937126804,"RUBICON","PIMA",17.8615732655929,58.6009621574571
"43",26009,14.8,-12.19,780.550937126804,"AU GRES","PIMA",18.0303212301453,59.1545972117629
"366",26009,14.8,-12.19,780.550937126804,"MANCELONA","PIMA",18.2887454794589,60.0024457987495
"298",26009,14.8,-12.19,780.550937126804,"KAWKAWLIN","PIMA",18.6698846423147,61.2529023697987
"400",26009,14.8,-12.19,780.550937126804,"MORGANLAKE","PIMA",18.8928569134277,61.9844386923482
"111",26009,14.8,-12.19,780.550937126804,"CROSWELL","PIMA",19.1057089360938,62.6827721000454
"230",26009,14.8,-12.19,780.550937126804,"HALFADAY","PIMA",19.2499648241045,63.1560525725214
"281",26009,14.8,-12.19,780.550937126804,"KALKASKA","PIMA",19.435208296315,63.7638067464403
"213",26009,14.8,-12.19,780.550937126804,"ENSLEY","PIMA",19.6263633646908,64.3909559209016
"247",26009,14.8,-12.19,780.550937126804,"IOSCO","PIMA",19.6498660650693,64.4680645179439
"9",26009,14.8,-12.19,780.550937126804,"ALLENDALE","PIMA",19.6722119580693,64.5413778151879
"162",26009,14.8,-12.19,780.550937126804,"DEFORD","PIMA",19.7533731563591,64.8076547124642
"94",26009,14.8,-12.19,780.550937126804,"CHARLEVOIX","PIMA",19.8533933467654,65.135804943456
"417",26009,14.8,-12.19,780.550937126804,"ONAWAY","PIMA",19.9654076905246,65.5033060712751
"60",26009,14.8,-12.19,780.550937126804,"BLUE LAKE","PIMA",20.7382259652145,68.0387990984729
"196",26009,14.8,-12.19,780.550937126804,"EMMET","PIMA",21.008829344151,68.9266054598129
"383",26009,14.8,-12.19,780.550937126804,"MENOMINEE","PIMA",21.3368854637121,70.0029050646723
"468",26009,14.8,-12.19,780.550937126804,"SPRINGLAKE","PIMA",21.9683287875761,72.0745695130448
"264",26009,14.8,-12.19,780.550937126804,"ISLANDLAKE","PIMA",22.2814188367151,73.1017678369918
"146",26009,14.8,-12.19,780.550937126804,"DEER PARK","PIRE",13.9667416785272,45.8226433022544
"316",26009,14.8,-12.19,780.550937126804,"KINROSS","PIRE",15.0987384357832,49.5365434244856
"180",26009,14.8,-12.19,780.550937126804,"EAST LAKE","PIRE",15.2385034719476,49.9950901310617
"333",26009,14.8,-12.19,780.550937126804,"LEELANAU","PIRE",15.5937055921037,51.160451417663
"435",26009,14.8,-12.19,780.550937126804,"OTISCO","PIRE",16.791541581094,55.0903595180248
"129",26009,14.8,-12.19,780.550937126804,"DAWSON","PIRE",17.0495569710457,55.9368667029058
"452",26009,14.8,-12.19,780.550937126804,"RUBICON","PIRE",17.4288579242171,57.1812924022871
"350",26009,14.8,-12.19,780.550937126804,"LUPTON","PIRE",17.6562129947825,57.9272079881317
"367",26009,14.8,-12.19,780.550937126804,"MANCELONA","PIRE",17.6983995558157,58.0656153406027
"486",26009,14.8,-12.19,780.550937126804,"TAWAS","PIRE",18.1032908629818,59.3939988942972
"27",26009,14.8,-12.19,780.550937126804,"ANGELICA","PIRE",18.1618812581531,59.5862246002397
"44",26009,14.8,-12.19,780.550937126804,"AU GRES","PIRE",18.1752047331368,59.6299367885065
"112",26009,14.8,-12.19,780.550937126804,"CROSWELL","PIRE",18.9324126070693,62.1142145901222
"282",26009,14.8,-12.19,780.550937126804,"KALKASKA","PIRE",18.9808502000729,62.2731305776669
"78",26009,14.8,-12.19,780.550937126804,"CATHRO","PIRE",18.9846371299289,62.285554888218
"231",26009,14.8,-12.19,780.550937126804,"HALFADAY","PIRE",19.2196050201337,63.0564469164492
"299",26009,14.8,-12.19,780.550937126804,"KAWKAWLIN","PIRE",19.2509209006574,63.1591893066188
"401",26009,14.8,-12.19,780.550937126804,"MORGANLAKE","PIRE",19.2853311116721,63.2720836997118
"10",26009,14.8,-12.19,780.550937126804,"ALLENDALE","PIRE",19.6009868924243,64.3076997782948
"163",26009,14.8,-12.19,780.550937126804,"DEFORD","PIRE",19.7440312073433,64.777005273436
"418",26009,14.8,-12.19,780.550937126804,"ONAWAY","PIRE",19.8660138919819,65.1772109316992
"214",26009,14.8,-12.19,780.550937126804,"ENSLEY","PIRE",20.0615363080206,65.8186886746083
"248",26009,14.8,-12.19,780.550937126804,"IOSCO","PIRE",20.0688042285402,65.8425335582028
"95",26009,14.8,-12.19,780.550937126804,"CHARLEVOIX","PIRE",20.1402712889827,66.0770055412819
"61",26009,14.8,-12.19,780.550937126804,"BLUE LAKE","PIRE",20.5893143533363,67.5502439413921
"197",26009,14.8,-12.19,780.550937126804,"EMMET","PIRE",20.9048941742785,68.5856108080004
"469",26009,14.8,-12.19,780.550937126804,"SPRINGLAKE","PIRE",21.2185685793885,69.6147263103296
"384",26009,14.8,-12.19,780.550937126804,"MENOMINEE","PIRE",21.3643976410328,70.0931681136246
"265",26009,14.8,-12.19,780.550937126804,"ISLANDLAKE","PIRE",21.8276150201214,71.612910171002
"147",26009,14.8,-12.19,780.550937126804,"DEER PARK","PIST",13.6149259888063,44.6683923517267
"317",26009,14.8,-12.19,780.550937126804,"KINROSS","PIST",14.7184082772562,48.2887410671135
"181",26009,14.8,-12.19,780.550937126804,"EAST LAKE","PIST",14.8546526975369,48.7357371966433
"334",26009,14.8,-12.19,780.550937126804,"LEELANAU","PIST",15.2009074424376,49.8717435775511
"436",26009,14.8,-12.19,780.550937126804,"OTISCO","PIST",16.3685705031717,53.7026591311406
"130",26009,14.8,-12.19,780.550937126804,"DAWSON","PIST",16.6200866061412,54.5278431960014
"453",26009,14.8,-12.19,780.550937126804,"RUBICON","PIST",16.9898331457262,55.7409223941148
"351",26009,14.8,-12.19,780.550937126804,"LUPTON","PIST",17.2114612484129,56.4680487152656
"368",26009,14.8,-12.19,780.550937126804,"MANCELONA","PIST",17.2525851497071,56.6029696512701
"487",26009,14.8,-12.19,780.550937126804,"TAWAS","PIST",17.6472774342399,57.8978918446192
"28",26009,14.8,-12.19,780.550937126804,"ANGELICA","PIST",17.7043919647634,58.0852754749455
"45",26009,14.8,-12.19,780.550937126804,"AU GRES","PIST",17.7173798276445,58.1278865736369
"113",26009,14.8,-12.19,780.550937126804,"CROSWELL","PIST",18.4555139894284,60.5495865794896
"283",26009,14.8,-12.19,780.550937126804,"KALKASKA","PIST",18.5027314621217,60.7044995476435
"79",26009,14.8,-12.19,780.550937126804,"CATHRO","PIST",18.506423000986,60.7166108956235
"232",26009,14.8,-12.19,780.550937126804,"HALFADAY","PIST",18.7354721599465,61.4680845142603
"300",26009,14.8,-12.19,780.550937126804,"KAWKAWLIN","PIST",18.7659992080883,61.5682388716808
"402",26009,14.8,-12.19,780.550937126804,"MORGANLAKE","PIST",18.7995426419835,61.6782895078199
"11",26009,14.8,-12.19,780.550937126804,"ALLENDALE","PIST",19.1072472012714,62.6878189018091
"164",26009,14.8,-12.19,780.550937126804,"DEFORD","PIST",19.2466882968088,63.1453028110526
"419",26009,14.8,-12.19,780.550937126804,"ONAWAY","PIST",19.3655982946807,63.5354274759865
"215",26009,14.8,-12.19,780.550937126804,"ENSLEY","PIST",19.5561955925181,64.1607466946131
"249",26009,14.8,-12.19,780.550937126804,"IOSCO","PIST",19.5632804375195,64.1839909367436
"96",26009,14.8,-12.19,780.550937126804,"CHARLEVOIX","PIST",19.6329472761393,64.4125566802469
"62",26009,14.8,-12.19,780.550937126804,"BLUE LAKE","PIST",20.0706791557487,65.8486848941885
"198",26009,14.8,-12.19,780.550937126804,"EMMET","PIST",20.3783096686187,66.8579713537359
"470",26009,14.8,-12.19,780.550937126804,"SPRINGLAKE","PIST",20.68408276219,67.8611639179463
"385",26009,14.8,-12.19,780.550937126804,"MENOMINEE","PIST",20.8262384579853,68.3275539960149
"266",26009,14.8,-12.19,780.550937126804,"ISLANDLAKE","PIST",21.2777876079719,69.80901446185
"148",26009,14.8,-12.19,780.550937126804,"DEER PARK","POGR4",17.6251904284622,57.8254279149022
"318",26009,14.8,-12.19,780.550937126804,"KINROSS","POGR4",18.378216063068,60.2959844588845
"182",26009,14.8,-12.19,780.550937126804,"EAST LAKE","POGR4",19.1905170273686,62.9610138693195
"131",26009,14.8,-12.19,780.550937126804,"DAWSON","POGR4",19.413663366215,63.6931212802331
"335",26009,14.8,-12.19,780.550937126804,"LEELANAU","POGR4",19.5412372863153,64.1116708868611
"352",26009,14.8,-12.19,780.550937126804,"LUPTON","POGR4",19.6843212293146,64.5811063953891
"437",26009,14.8,-12.19,780.550937126804,"OTISCO","POGR4",20.6139140349131,67.630951558114
"488",26009,14.8,-12.19,780.550937126804,"TAWAS","POGR4",21.231932443622,69.6585710092586
"80",26009,14.8,-12.19,780.550937126804,"CATHRO","POGR4",21.4925410862074,70.5135862408381
"454",26009,14.8,-12.19,780.550937126804,"RUBICON","POGR4",21.8282428534848,71.614969991748
"29",26009,14.8,-12.19,780.550937126804,"ANGELICA","POGR4",21.9197798795371,71.9152883186912
"46",26009,14.8,-12.19,780.550937126804,"AU GRES","POGR4",22.3344412149567,73.2757257708552
"369",26009,14.8,-12.19,780.550937126804,"MANCELONA","POGR4",22.3502807885466,73.3276928758092
"301",26009,14.8,-12.19,780.550937126804,"KAWKAWLIN","POGR4",23.0922040371644,75.7618242689121
"403",26009,14.8,-12.19,780.550937126804,"MORGANLAKE","POGR4",23.2978162706349,76.4364050873847
"114",26009,14.8,-12.19,780.550937126804,"CROSWELL","POGR4",23.4895256268051,77.0653727913555
"233",26009,14.8,-12.19,780.550937126804,"HALFADAY","POGR4",23.7381855874545,77.8811863105464
"284",26009,14.8,-12.19,780.550937126804,"KALKASKA","POGR4",23.7513482318627,77.9243708394444
"12",26009,14.8,-12.19,780.550937126804,"ALLENDALE","POGR4",24.1825932605311,79.3392167340258
"250",26009,14.8,-12.19,780.550937126804,"IOSCO","POGR4",24.3043128102198,79.7385590886475
"216",26009,14.8,-12.19,780.550937126804,"ENSLEY","POGR4",24.3483624362467,79.8830788590772
"420",26009,14.8,-12.19,780.550937126804,"ONAWAY","POGR4",24.3992934584947,80.050175388762
"165",26009,14.8,-12.19,780.550937126804,"DEFORD","POGR4",24.4874871753579,80.3395248535364
"97",26009,14.8,-12.19,780.550937126804,"CHARLEVOIX","POGR4",24.556049422743,80.5644666100492
"63",26009,14.8,-12.19,780.550937126804,"BLUE LAKE","POGR4",25.4589306821354,83.5266754663236
"199",26009,14.8,-12.19,780.550937126804,"EMMET","POGR4",25.7541433701439,84.4952210306558
"386",26009,14.8,-12.19,780.550937126804,"MENOMINEE","POGR4",26.1929448877067,85.9348585554681
"471",26009,14.8,-12.19,780.550937126804,"SPRINGLAKE","POGR4",26.8470200653679,88.0807744926767
"267",26009,14.8,-12.19,780.550937126804,"ISLANDLAKE","POGR4",27.2296406512477,89.3360913754845
"149",26009,14.8,-12.19,780.550937126804,"DEER PARK","POTR5",17.7321492951139,58.1763428317384
"319",26009,14.8,-12.19,780.550937126804,"KINROSS","POTR5",18.4897446828105,60.6618920039715
"183",26009,14.8,-12.19,780.550937126804,"EAST LAKE","POTR5",19.3069751138805,63.3430942056447
"132",26009,14.8,-12.19,780.550937126804,"DAWSON","POTR5",19.53147562133,64.0796444269356
"336",26009,14.8,-12.19,780.550937126804,"LEELANAU","POTR5",19.659823726649,64.5007340113156
"353",26009,14.8,-12.19,780.550937126804,"LUPTON","POTR5",19.8037759777918,64.9730182998419
"438",26009,14.8,-12.19,780.550937126804,"OTISCO","POTR5",20.7390100383509,68.0413715168992
"489",26009,14.8,-12.19,780.550937126804,"TAWAS","POTR5",21.3607789057475,70.0812956225311
"81",26009,14.8,-12.19,780.550937126804,"CATHRO","POTR5",21.6229690577732,70.9414995333768
"455",26009,14.8,-12.19,780.550937126804,"RUBICON","POTR5",21.9607080388161,72.0495670564834
"30",26009,14.8,-12.19,780.550937126804,"ANGELICA","POTR5",22.0528005593808,72.3517078719843
"47",26009,14.8,-12.19,780.550937126804,"AU GRES","POTR5",22.4699782764906,73.7204011695886
"370",26009,14.8,-12.19,780.550937126804,"MANCELONA","POTR5",22.4859139728911,73.7726836380941
"302",26009,14.8,-12.19,780.550937126804,"KAWKAWLIN","POTR5",23.2323395995193,76.2215866125961
"404",26009,14.8,-12.19,780.550937126804,"MORGANLAKE","POTR5",23.4391995954778,76.900261140019
"115",26009,14.8,-12.19,780.550937126804,"CROSWELL","POTR5",23.6320723442109,77.5330457487234
"234",26009,14.8,-12.19,780.550937126804,"HALFADAY","POTR5",23.8822413034541,78.3538100507025
"285",26009,14.8,-12.19,780.550937126804,"KALKASKA","POTR5",23.8954838256675,78.3972566458906
"13",26009,14.8,-12.19,780.550937126804,"ALLENDALE","POTR5",24.3293458745436,79.8206885647755
"251",26009,14.8,-12.19,780.550937126804,"IOSCO","POTR5",24.4518040820718,80.2224543375061
"217",26009,14.8,-12.19,780.550937126804,"ENSLEY","POTR5",24.4961210242504,80.3678511294304
"421",26009,14.8,-12.19,780.550937126804,"ONAWAY","POTR5",24.5473611225585,80.535961688184
"166",26009,14.8,-12.19,780.550937126804,"DEFORD","POTR5",24.6360900449867,80.827067076728
"98",26009,14.8,-12.19,780.550937126804,"CHARLEVOIX","POTR5",24.7050683639204,81.0533738973766
"64",26009,14.8,-12.19,780.550937126804,"BLUE LAKE","POTR5",25.6134287786512,84.033558985076
"200",26009,14.8,-12.19,780.550937126804,"EMMET","POTR5",25.9104329715321,85.0079821900659
"387",26009,14.8,-12.19,780.550937126804,"MENOMINEE","POTR5",26.3518973660263,86.4563561877502
"472",26009,14.8,-12.19,780.550937126804,"SPRINGLAKE","POTR5",27.0099418136929,88.6152946643467
"268",26009,14.8,-12.19,780.550937126804,"ISLANDLAKE","POTR5",27.3948843412498,89.8782294660427
"150",26009,14.8,-12.19,780.550937126804,"DEER PARK","QUAL",11.8882793365588,39.0035411304423
"133",26009,14.8,-12.19,780.550937126804,"DAWSON","QUAL",12.4177903867308,40.740782108697
"320",26009,14.8,-12.19,780.550937126804,"KINROSS","QUAL",12.455911646666,40.8658518591405
"354",26009,14.8,-12.19,780.550937126804,"LUPTON","QUAL",12.5835641280301,41.2846592126971
"184",26009,14.8,-12.19,780.550937126804,"EAST LAKE","QUAL",13.1449280576041,43.1264043884648
"337",26009,14.8,-12.19,780.550937126804,"LEELANAU","QUAL",13.1604162892676,43.1772187968098
"82",26009,14.8,-12.19,780.550937126804,"CATHRO","QUAL",13.8970323041455,45.5939380057266
"439",26009,14.8,-12.19,780.550937126804,"OTISCO","QUAL",14.081287106255,46.1984485113353
"490",26009,14.8,-12.19,780.550937126804,"TAWAS","QUAL",14.1151882775645,46.309672826655
"456",26009,14.8,-12.19,780.550937126804,"RUBICON","QUAL",14.6083010253838,47.9274968024404
"31",26009,14.8,-12.19,780.550937126804,"ANGELICA","QUAL",14.9145561607218,48.9322708685099
"371",26009,14.8,-12.19,780.550937126804,"MANCELONA","QUAL",15.1431415737337,49.6822230109374
"48",26009,14.8,-12.19,780.550937126804,"AU GRES","QUAL",15.3071429390837,50.2202852332144
"405",26009,14.8,-12.19,780.550937126804,"MORGANLAKE","QUAL",15.4871551788153,50.8108765709164
"303",26009,14.8,-12.19,780.550937126804,"KAWKAWLIN","QUAL",15.5136386275898,50.8977645262131
"116",26009,14.8,-12.19,780.550937126804,"CROSWELL","QUAL",15.8588878175883,52.0304718424812
"286",26009,14.8,-12.19,780.550937126804,"KALKASKA","QUAL",15.8704724722711,52.0684792397346
"235",26009,14.8,-12.19,780.550937126804,"HALFADAY","QUAL",16.1020432975264,52.8282260417533
"422",26009,14.8,-12.19,780.550937126804,"ONAWAY","QUAL",16.1705983151107,53.0531440784472
"14",26009,14.8,-12.19,780.550937126804,"ALLENDALE","QUAL",16.314556322896,53.5254472535959
"252",26009,14.8,-12.19,780.550937126804,"IOSCO","QUAL",16.417967537614,53.8647228924343
"218",26009,14.8,-12.19,780.550937126804,"ENSLEY","QUAL",16.7208305107794,54.8583678175176
"99",26009,14.8,-12.19,780.550937126804,"CHARLEVOIX","QUAL",16.7368210420227,54.9108301903631
"167",26009,14.8,-12.19,780.550937126804,"DEFORD","QUAL",17.0538936103234,55.9510945220583
"65",26009,14.8,-12.19,780.550937126804,"BLUE LAKE","QUAL",17.111801378032,56.1410806365881
"201",26009,14.8,-12.19,780.550937126804,"EMMET","QUAL",17.2232210311105,56.5066306794963
"388",26009,14.8,-12.19,780.550937126804,"MENOMINEE","QUAL",17.4878273671453,57.3747617032326
"269",26009,14.8,-12.19,780.550937126804,"ISLANDLAKE","QUAL",18.1567388917443,59.5693533193711
"473",26009,14.8,-12.19,780.550937126804,"SPRINGLAKE","QUAL",18.1910374420966,59.6818813717081
"151",26009,14.8,-12.19,780.550937126804,"DEER PARK","QURU",14.2536573690117,46.7639677461012
"134",26009,14.8,-12.19,780.550937126804,"DAWSON","QURU",14.8885237671327,48.8468627530599
"321",26009,14.8,-12.19,780.550937126804,"KINROSS","QURU",14.9342299086363,48.996817285552
"355",26009,14.8,-12.19,780.550937126804,"LUPTON","QURU",15.0872810508711,49.4989535789735
"185",26009,14.8,-12.19,780.550937126804,"EAST LAKE","QURU",15.7603380076389,51.7071456943534
"338",26009,14.8,-12.19,780.550937126804,"LEELANAU","QURU",15.7789078898846,51.7680705048708
"83",26009,14.8,-12.19,780.550937126804,"CATHRO","QURU",16.6620863542657,54.6656376452288
"440",26009,14.8,-12.19,780.550937126804,"OTISCO","QURU",16.8830018243277,55.3904259328338
"491",26009,14.8,-12.19,780.550937126804,"TAWAS","QURU",16.9236482178531,55.5237802423002
"457",26009,14.8,-12.19,780.550937126804,"RUBICON","QURU",17.514874244154,57.4634981763583
"32",26009,14.8,-12.19,780.550937126804,"ANGELICA","QURU",17.8820641160461,58.6681893571066
"372",26009,14.8,-12.19,780.550937126804,"MANCELONA","QURU",18.1561305359531,59.567357401421
"49",26009,14.8,-12.19,780.550937126804,"AU GRES","QURU",18.3527627990058,60.2124763746908
"406",26009,14.8,-12.19,780.550937126804,"MORGANLAKE","QURU",18.568591575797,60.9205760360794
"304",26009,14.8,-12.19,780.550937126804,"KAWKAWLIN","QURU",18.6003443630671,61.0247518473329
"117",26009,14.8,-12.19,780.550937126804,"CROSWELL","QURU",19.0142868287387,62.3828308029483
"287",26009,14.8,-12.19,780.550937126804,"KALKASKA","QURU",19.028176450097,62.4284004268275
"236",26009,14.8,-12.19,780.550937126804,"HALFADAY","QURU",19.3058222814578,63.33931194704
"423",26009,14.8,-12.19,780.550937126804,"ONAWAY","QURU",19.3880175011284,63.6089813029146
"15",26009,14.8,-12.19,780.550937126804,"ALLENDALE","QURU",19.5606184352423,64.1752573334722
"253",26009,14.8,-12.19,780.550937126804,"IOSCO","QURU",19.6846050931071,64.5820377070442
"219",26009,14.8,-12.19,780.550937126804,"ENSLEY","QURU",20.0477278737087,65.7733854124301
"100",26009,14.8,-12.19,780.550937126804,"CHARLEVOIX","QURU",20.0668999966911,65.836286078383
"168",26009,14.8,-12.19,780.550937126804,"DEFORD","QURU",20.4470596162395,67.0835289246702
"66",26009,14.8,-12.19,780.550937126804,"BLUE LAKE","QURU",20.5164891321986,67.3113160505203
"202",26009,14.8,-12.19,780.550937126804,"EMMET","QURU",20.6500776452368,67.7495985736116
"389",26009,14.8,-12.19,780.550937126804,"MENOMINEE","QURU",20.9673319715136,68.790459224126
"270",26009,14.8,-12.19,780.550937126804,"ISLANDLAKE","QURU",21.7693349705933,71.4217026594269
"474",26009,14.8,-12.19,780.550937126804,"SPRINGLAKE","QURU",21.8104578085697,71.5566201068561
"152",26009,14.8,-12.19,780.550937126804,"DEER PARK","THOC2",9.4131506640604,30.8830402364186
"322",26009,14.8,-12.19,780.550937126804,"KINROSS","THOC2",9.67614435649379,31.7458804346909
"186",26009,14.8,-12.19,780.550937126804,"EAST LAKE","THOC2",10.2022847629814,33.4720628706739
"135",26009,14.8,-12.19,780.550937126804,"DAWSON","THOC2",10.2213366627826,33.5345691036176
"356",26009,14.8,-12.19,780.550937126804,"LUPTON","THOC2",10.3559699279207,33.9762792910784
"339",26009,14.8,-12.19,780.550937126804,"LEELANAU","THOC2",10.436460898669,34.2403572790977
"441",26009,14.8,-12.19,780.550937126804,"OTISCO","THOC2",10.8776972818153,35.6879832080556
"492",26009,14.8,-12.19,780.550937126804,"TAWAS","THOC2",11.1701720032055,36.6475459422752
"84",26009,14.8,-12.19,780.550937126804,"CATHRO","THOC2",11.307278852567,37.09737156354
"33",26009,14.8,-12.19,780.550937126804,"ANGELICA","THOC2",11.5494050041941,37.8917487014242
"458",26009,14.8,-12.19,780.550937126804,"RUBICON","THOC2",11.6578904236826,38.2476719937094
"50",26009,14.8,-12.19,780.550937126804,"AU GRES","THOC2",11.768028833705,38.6090184832843
"373",26009,14.8,-12.19,780.550937126804,"MANCELONA","THOC2",11.9366971551638,39.1623922413509
"305",26009,14.8,-12.19,780.550937126804,"KAWKAWLIN","THOC2",12.1854590380437,39.978540151062
"407",26009,14.8,-12.19,780.550937126804,"MORGANLAKE","THOC2",12.3309885647827,40.4559992282898
"118",26009,14.8,-12.19,780.550937126804,"CROSWELL","THOC2",12.4699128084539,40.9117874293109
"237",26009,14.8,-12.19,780.550937126804,"HALFADAY","THOC2",12.5640657316256,41.2206880958844
"288",26009,14.8,-12.19,780.550937126804,"KALKASKA","THOC2",12.6849704284639,41.6173570487661
"220",26009,14.8,-12.19,780.550937126804,"ENSLEY","THOC2",12.8097335054852,42.0266847292822
"254",26009,14.8,-12.19,780.550937126804,"IOSCO","THOC2",12.8250732463691,42.0770119631533
"16",26009,14.8,-12.19,780.550937126804,"ALLENDALE","THOC2",12.8396579622919,42.1248620810102
"169",26009,14.8,-12.19,780.550937126804,"DEFORD","THOC2",12.8926302476695,42.298655668207
"101",26009,14.8,-12.19,780.550937126804,"CHARLEVOIX","THOC2",12.9579114187385,42.5128327386433
"424",26009,14.8,-12.19,780.550937126804,"ONAWAY","THOC2",13.0310209330018,42.7526933497434
"67",26009,14.8,-12.19,780.550937126804,"BLUE LAKE","THOC2",13.5354239119437,44.4075587662195
"203",26009,14.8,-12.19,780.550937126804,"EMMET","THOC2",13.712041306896,44.9870121617324
"390",26009,14.8,-12.19,780.550937126804,"MENOMINEE","THOC2",13.9261569526902,45.6894913146004
"475",26009,14.8,-12.19,780.550937126804,"SPRINGLAKE","THOC2",14.3382873383462,47.0416251258078
"271",26009,14.8,-12.19,780.550937126804,"ISLANDLAKE","THOC2",14.5426349303156,47.7120568579907
"153",26009,14.8,-12.19,780.550937126804,"DEER PARK","TIAM",15.4349202841132,50.639502244466
"323",26009,14.8,-12.19,780.550937126804,"KINROSS","TIAM",16.0943679473433,52.8030444466644
"187",26009,14.8,-12.19,780.550937126804,"EAST LAKE","TIAM",16.8057248363129,55.1368925075884
"136",26009,14.8,-12.19,780.550937126804,"DAWSON","TIAM",17.0011409349796,55.7780214402217
"340",26009,14.8,-12.19,780.550937126804,"LEELANAU","TIAM",17.1128613328426,56.1445581786173
"357",26009,14.8,-12.19,780.550937126804,"LUPTON","TIAM",17.2381643338567,56.5556572633093
"442",26009,14.8,-12.19,780.550937126804,"OTISCO","TIAM",18.0522372886616,59.2265002908847
"493",26009,14.8,-12.19,780.550937126804,"TAWAS","TIAM",18.5934549799685,61.0021488844111
"85",26009,14.8,-12.19,780.550937126804,"CATHRO","TIAM",18.8216779679687,61.7509119684014
"459",26009,14.8,-12.19,780.550937126804,"RUBICON","TIAM",19.1156623103333,62.7154275273403
"34",26009,14.8,-12.19,780.550937126804,"ANGELICA","TIAM",19.1958240938838,62.978425504868
"51",26009,14.8,-12.19,780.550937126804,"AU GRES","TIAM",19.5589557538271,64.1698023419525
"374",26009,14.8,-12.19,780.550937126804,"MANCELONA","TIAM",19.5728269546342,64.215311530952
"306",26009,14.8,-12.19,780.550937126804,"KAWKAWLIN","TIAM",20.2225519176538,66.3469551104126
"408",26009,14.8,-12.19,780.550937126804,"MORGANLAKE","TIAM",20.4026128620127,66.937706240199
"119",26009,14.8,-12.19,780.550937126804,"CROSWELL","TIAM",20.5704986299547,67.4885125654682
"238",26009,14.8,-12.19,780.550937126804,"HALFADAY","TIAM",20.7882577904048,68.2029455065773
"289",26009,14.8,-12.19,780.550937126804,"KALKASKA","TIAM",20.7997847221558,68.2407635241331
"17",26009,14.8,-12.19,780.550937126804,"ALLENDALE","TIAM",21.1774392313331,69.4797875043736
"255",26009,14.8,-12.19,780.550937126804,"IOSCO","TIAM",21.2840327773199,69.8295038625981
"221",26009,14.8,-12.19,780.550937126804,"ENSLEY","TIAM",21.3226083869867,69.9560642617674
"425",26009,14.8,-12.19,780.550937126804,"ONAWAY","TIAM",21.3672102465567,70.1023958220365
"170",26009,14.8,-12.19,780.550937126804,"DEFORD","TIAM",21.4444441916235,70.3557880302608
"102",26009,14.8,-12.19,780.550937126804,"CHARLEVOIX","TIAM",21.5044862562573,70.5527764312904
"68",26009,14.8,-12.19,780.550937126804,"BLUE LAKE","TIAM",22.2951670901073,73.1468736552078
"204",26009,14.8,-12.19,780.550937126804,"EMMET","TIAM",22.5536939028963,73.9950587365365
"391",26009,14.8,-12.19,780.550937126804,"MENOMINEE","TIAM",22.9379658613537,75.2557935083783
"476",26009,14.8,-12.19,780.550937126804,"SPRINGLAKE","TIAM",23.510759572037,77.1350379660005
"272",26009,14.8,-12.19,780.550937126804,"ISLANDLAKE","TIAM",23.8458321640799,78.2343574937005
